"Name","Alias","Barcode","Reception Date","Pool","Multiplex Key(s)","Technology","Library Type","Adaptor","Adaptor Read 1","Adaptor Read 2","Adaptor Junction","Status","Library Size","Volume (ul)","qPCR Concentration (ng/ul)","Bioanalysis Concentration (ng/ul)","Fluorescence Concentration (ng/ul)","Review State","QC Date","QC Comment","Runs Completed","Runs in Progress","Number of Sequencing Units","Number of Bases","Number of Reads NovaSeq","Array Technology Quote","MPS Quote","Bioinformatics Quote","Validation Quote"
"Wall-002-D","Wall-002-D","mRNA_789-A01","","","NEBNext_dual_i7_A1-NEBNext_dual_i5_A1","Illumina","mRNASeq stranded","NEBNext_dual","AGATCGGAAGAGCACACGTCTGAACTCCAGTCAC","AGATCGGAAGAGCGTCGTGTAGGGAAAGAGTGT","","5- Run completed","355","53","10.34","12.98","12.25","Approved","9/19/18","","A00266_0073","","0.02","8,975,721,934","44,434,267","","SCI023568; SCI023567","",""
"Wall-005-D","Wall-005-D","mRNA_789-B01","","","NEBNext_dual_i7_B1-NEBNext_dual_i5_B1","Illumina","mRNASeq stranded","NEBNext_dual","AGATCGGAAGAGCACACGTCTGAACTCCAGTCAC","AGATCGGAAGAGCGTCGTGTAGGGAAAGAGTGT","","5- Run completed","354","53","7.29","13.23","9.70","Approved","9/19/18","","A00266_0073","","0.02","8,737,968,742","43,257,271","","SCI023568; SCI023567","",""
"Wall-006-D","Wall-006-D","mRNA_789-C01","","","NEBNext_dual_i7_C1-NEBNext_dual_i5_C1","Illumina","mRNASeq stranded","NEBNext_dual","AGATCGGAAGAGCACACGTCTGAACTCCAGTCAC","AGATCGGAAGAGCGTCGTGTAGGGAAAGAGTGT","","5- Run completed","352","53","8.42","12.43","10.20","Approved","9/19/18","","A00266_0073","","0.02","9,754,311,744","48,288,672","","SCI023568; SCI023567","",""
"Wall-008-D","Wall-008-D","mRNA_789-D01","","","NEBNext_dual_i7_D1-NEBNext_dual_i5_D1","Illumina","mRNASeq stranded","NEBNext_dual","AGATCGGAAGAGCACACGTCTGAACTCCAGTCAC","AGATCGGAAGAGCGTCGTGTAGGGAAAGAGTGT","","5- Run completed","372","53","8.29","13.35","11.00","Approved","9/19/18","","A00266_0073","","0.02","10,567,250,240","52,313,120","","SCI023568; SCI023567","",""
"Wall-011-D","Wall-011-D","mRNA_789-E01","","","NEBNext_dual_i7_E1-NEBNext_dual_i5_E1","Illumina","mRNASeq stranded","NEBNext_dual","AGATCGGAAGAGCACACGTCTGAACTCCAGTCAC","AGATCGGAAGAGCGTCGTGTAGGGAAAGAGTGT","","5- Run completed","348","53","9.68","14.63","11.91","Approved","9/19/18","","A00266_0073","","0.02","9,833,806,218","48,682,209","","SCI023568; SCI023567","",""
"Wall-016-D","Wall-016-D","mRNA_789-F01","","","NEBNext_dual_i7_F1-NEBNext_dual_i5_F1","Illumina","mRNASeq stranded","NEBNext_dual","AGATCGGAAGAGCACACGTCTGAACTCCAGTCAC","AGATCGGAAGAGCGTCGTGTAGGGAAAGAGTGT","","5- Run completed","363","53","9.77","16.40","11.33","Approved","9/19/18","","A00266_0073","","0.02","9,577,257,128","47,412,164","","SCI023568; SCI023567","",""
"Wall-019-D","Wall-019-D","mRNA_789-G01","","","NEBNext_dual_i7_G1-NEBNext_dual_i5_G1","Illumina","mRNASeq stranded","NEBNext_dual","AGATCGGAAGAGCACACGTCTGAACTCCAGTCAC","AGATCGGAAGAGCGTCGTGTAGGGAAAGAGTGT","","5- Run completed","359","52","5.58","9.70","6.51","Approved","9/19/18","","A00266_0073","","0.02","7,717,804,506","38,206,953","","SCI023568; SCI023567","",""
"Wall-020-D","Wall-020-D","mRNA_789-H01","","","NEBNext_dual_i7_H1-NEBNext_dual_i5_H1","Illumina","mRNASeq stranded","NEBNext_dual","AGATCGGAAGAGCACACGTCTGAACTCCAGTCAC","AGATCGGAAGAGCGTCGTGTAGGGAAAGAGTGT","","5- Run completed","360","53","10.41","16.54","11.49","Approved","9/19/18","","A00266_0073","","0.02","11,773,197,108","58,283,154","","SCI023568; SCI023567","",""
"Wall-171-D","Wall-171-D","mRNA_789-A02","","","NEBNext_dual_i7_A2-NEBNext_dual_i5_A2","Illumina","mRNASeq stranded","NEBNext_dual","AGATCGGAAGAGCACACGTCTGAACTCCAGTCAC","AGATCGGAAGAGCGTCGTGTAGGGAAAGAGTGT","","5- Run completed","349","53","11.99","17.38","14.14","Approved","9/19/18","","A00266_0073","","0.02","11,079,002,494","54,846,547","","SCI023568; SCI023567","",""
"Wall-172-D","Wall-172-D","mRNA_789-B02","","","NEBNext_dual_i7_B2-NEBNext_dual_i5_B2","Illumina","mRNASeq stranded","NEBNext_dual","AGATCGGAAGAGCACACGTCTGAACTCCAGTCAC","AGATCGGAAGAGCGTCGTGTAGGGAAAGAGTGT","","5- Run completed","352","53","10.83","15.03","11.86","Approved","9/19/18","","A00266_0073","","0.02","9,676,410,444","47,903,022","","SCI023568; SCI023567","",""
"Wall-173-D","Wall-173-D","mRNA_789-C02","","","NEBNext_dual_i7_C2-NEBNext_dual_i5_C2","Illumina","mRNASeq stranded","NEBNext_dual","AGATCGGAAGAGCACACGTCTGAACTCCAGTCAC","AGATCGGAAGAGCGTCGTGTAGGGAAAGAGTGT","","5- Run completed","341","53","10.17","16.29","12.75","Approved","9/19/18","","A00266_0073","","0.02","9,766,957,752","48,351,276","","SCI023568; SCI023567","",""
"Wall-174-D","Wall-174-D","mRNA_789-D02","","","NEBNext_dual_i7_D2-NEBNext_dual_i5_D2","Illumina","mRNASeq stranded","NEBNext_dual","AGATCGGAAGAGCACACGTCTGAACTCCAGTCAC","AGATCGGAAGAGCGTCGTGTAGGGAAAGAGTGT","","5- Run completed","337","53","12.15","18.97","16.30","Approved","9/19/18","","A00266_0073","","0.02","11,261,377,184","55,749,392","","SCI023568; SCI023567","",""
"Wall-175-D","Wall-175-D","mRNA_789-E02","","","NEBNext_dual_i7_E2-NEBNext_dual_i5_E2","Illumina","mRNASeq stranded","NEBNext_dual","AGATCGGAAGAGCACACGTCTGAACTCCAGTCAC","AGATCGGAAGAGCGTCGTGTAGGGAAAGAGTGT","","5- Run completed","343","53","11.73","19.95","14.20","Approved","9/19/18","","A00266_0073","","0.02","9,639,769,260","47,721,630","","SCI023568; SCI023567","",""
"Wall-176-D","Wall-176-D","mRNA_789-F02","","","NEBNext_dual_i7_F2-NEBNext_dual_i5_F2","Illumina","mRNASeq stranded","NEBNext_dual","AGATCGGAAGAGCACACGTCTGAACTCCAGTCAC","AGATCGGAAGAGCGTCGTGTAGGGAAAGAGTGT","","5- Run completed","357","53","13.30","20.85","14.44","Approved","9/19/18","","A00266_0073","","0.02","9,454,142,168","46,802,684","","SCI023568; SCI023567","",""
"Wall-177-D","Wall-177-D","mRNA_789-G02","","","NEBNext_dual_i7_G2-NEBNext_dual_i5_G2","Illumina","mRNASeq stranded","NEBNext_dual","AGATCGGAAGAGCACACGTCTGAACTCCAGTCAC","AGATCGGAAGAGCGTCGTGTAGGGAAAGAGTGT","","5- Run completed","362","53","8.29","15.17","9.88","Approved","9/19/18","","A00266_0073","","0.02","8,331,223,562","41,243,681","","SCI023568; SCI023567","",""
"Wall-178-D","Wall-178-D","mRNA_789-H02","","","NEBNext_dual_i7_H2-NEBNext_dual_i5_H2","Illumina","mRNASeq stranded","NEBNext_dual","AGATCGGAAGAGCACACGTCTGAACTCCAGTCAC","AGATCGGAAGAGCGTCGTGTAGGGAAAGAGTGT","","5- Run completed","364","53","9.58","15.80","10.83","Approved","9/19/18","","A00266_0073","","0.02","7,903,385,744","39,125,672","","SCI023568; SCI023567","",""
"Wall-182-D","Wall-182-D","mRNA_789-A03","","","NEBNext_dual_i7_A3-NEBNext_dual_i5_A3","Illumina","mRNASeq stranded","NEBNext_dual","AGATCGGAAGAGCACACGTCTGAACTCCAGTCAC","AGATCGGAAGAGCGTCGTGTAGGGAAAGAGTGT","","5- Run completed","344","53","8.91","14.31","10.78","Approved","9/19/18","","A00266_0073","","0.02","8,194,980,420","40,569,210","","SCI023568; SCI023567","",""
"Wall-184-D","Wall-184-D","mRNA_789-B03","","","NEBNext_dual_i7_B3-NEBNext_dual_i5_B3","Illumina","mRNASeq stranded","NEBNext_dual","AGATCGGAAGAGCACACGTCTGAACTCCAGTCAC","AGATCGGAAGAGCGTCGTGTAGGGAAAGAGTGT","","5- Run completed","341","53","10.34","14.68","11.65","Approved","9/19/18","","A00266_0073","","0.02","8,807,744,794","43,602,697","","SCI023568; SCI023567","",""
"Wall-185-D","Wall-185-D","mRNA_789-C03","","","NEBNext_dual_i7_C3-NEBNext_dual_i5_C3","Illumina","mRNASeq stranded","NEBNext_dual","AGATCGGAAGAGCACACGTCTGAACTCCAGTCAC","AGATCGGAAGAGCGTCGTGTAGGGAAAGAGTGT","","5- Run completed","323","53","12.90","20.03","15.49","Approved","9/19/18","","A00266_0073","","0.02","7,959,875,650","39,405,325","","SCI023568; SCI023567","",""
"Wall-187-D","Wall-187-D","mRNA_789-D03","","","NEBNext_dual_i7_D3-NEBNext_dual_i5_D3","Illumina","mRNASeq stranded","NEBNext_dual","AGATCGGAAGAGCACACGTCTGAACTCCAGTCAC","AGATCGGAAGAGCGTCGTGTAGGGAAAGAGTGT","","5- Run completed","338","53","10.30","17.83","11.98","Approved","9/19/18","","A00266_0073","","0.02","9,345,260,532","46,263,666","","SCI023568; SCI023567","",""
"Wall-188-D","Wall-188-D","mRNA_789-E03","","","NEBNext_dual_i7_E3-NEBNext_dual_i5_E3","Illumina","mRNASeq stranded","NEBNext_dual","AGATCGGAAGAGCACACGTCTGAACTCCAGTCAC","AGATCGGAAGAGCGTCGTGTAGGGAAAGAGTGT","","5- Run completed","346","53","10.00","15.12","12.95","Approved","9/19/18","","A00266_0073","","0.02","8,962,267,320","44,367,660","","SCI023568; SCI023567","",""
"Wall-193-D","Wall-193-D","mRNA_789-F03","","","NEBNext_dual_i7_F3-NEBNext_dual_i5_F3","Illumina","mRNASeq stranded","NEBNext_dual","AGATCGGAAGAGCACACGTCTGAACTCCAGTCAC","AGATCGGAAGAGCGTCGTGTAGGGAAAGAGTGT","","5- Run completed","346","53","11.77","19.99","14.20","Approved","9/19/18","","A00266_0073","","0.02","8,313,955,996","41,158,198","","SCI023568; SCI023567","",""
"Wall-196-D","Wall-196-D","mRNA_789-G03","","","NEBNext_dual_i7_G3-NEBNext_dual_i5_G3","Illumina","mRNASeq stranded","NEBNext_dual","AGATCGGAAGAGCACACGTCTGAACTCCAGTCAC","AGATCGGAAGAGCGTCGTGTAGGGAAAGAGTGT","","5- Run completed","335","53","11.38","17.47","11.97","Approved","9/19/18","","A00266_0073","","0.02","9,478,704,964","46,924,282","","SCI023568; SCI023567","",""
"Wall-197-D","Wall-197-D","mRNA_789-H03","","","NEBNext_dual_i7_H3-NEBNext_dual_i5_H3","Illumina","mRNASeq stranded","NEBNext_dual","AGATCGGAAGAGCACACGTCTGAACTCCAGTCAC","AGATCGGAAGAGCGTCGTGTAGGGAAAGAGTGT","","5- Run completed","348","53","10.37","17.69","12.31","Approved","9/19/18","","A00266_0073","","0.02","8,036,392,240","39,784,120","","SCI023568; SCI023567","",""
"Wall-210-D","Wall-210-D","mRNA_789-A04","","","NEBNext_dual_i7_A4-NEBNext_dual_i5_A4","Illumina","mRNASeq stranded","NEBNext_dual","AGATCGGAAGAGCACACGTCTGAACTCCAGTCAC","AGATCGGAAGAGCGTCGTGTAGGGAAAGAGTGT","","5- Run completed","344","53","6.89","10.28","8.23","Approved","9/19/18","","A00266_0073","","0.02","9,011,935,888","44,613,544","","SCI023568; SCI023567","",""
"Wall-212-D","Wall-212-D","mRNA_789-B04","","","NEBNext_dual_i7_B4-NEBNext_dual_i5_B4","Illumina","mRNASeq stranded","NEBNext_dual","AGATCGGAAGAGCACACGTCTGAACTCCAGTCAC","AGATCGGAAGAGCGTCGTGTAGGGAAAGAGTGT","","5- Run completed","366","53","10.30","15.44","11.42","Approved","9/19/18","","A00266_0073","","0.02","8,911,689,348","44,117,274","","SCI023568; SCI023567","",""
"Wall-213-D","Wall-213-D","mRNA_789-C04","","","NEBNext_dual_i7_C4-NEBNext_dual_i5_C4","Illumina","mRNASeq stranded","NEBNext_dual","AGATCGGAAGAGCACACGTCTGAACTCCAGTCAC","AGATCGGAAGAGCGTCGTGTAGGGAAAGAGTGT","","5- Run completed","345","53","8.37","13.12","10.65","Approved","9/19/18","","A00266_0073","","0.02","8,766,046,338","43,396,269","","SCI023568; SCI023567","",""
"Wall-214-D","Wall-214-D","mRNA_789-D04","","","NEBNext_dual_i7_D4-NEBNext_dual_i5_D4","Illumina","mRNASeq stranded","NEBNext_dual","AGATCGGAAGAGCACACGTCTGAACTCCAGTCAC","AGATCGGAAGAGCGTCGTGTAGGGAAAGAGTGT","","5- Run completed","355","53","8.92","15.09","10.76","Approved","9/19/18","","A00266_0073","","0.02","10,649,437,778","52,719,989","","SCI023568; SCI023567","",""
"Wall-215-D","Wall-215-D","mRNA_789-E04","","","NEBNext_dual_i7_E4-NEBNext_dual_i5_E4","Illumina","mRNASeq stranded","NEBNext_dual","AGATCGGAAGAGCACACGTCTGAACTCCAGTCAC","AGATCGGAAGAGCGTCGTGTAGGGAAAGAGTGT","","5- Run completed","335","52","6.10","9.79","7.93","Approved","9/19/18","","A00266_0073","","0.02","9,041,931,878","44,762,039","","SCI023568; SCI023567","",""
"Wall-216-D","Wall-216-D","mRNA_789-F04","","","NEBNext_dual_i7_F4-NEBNext_dual_i5_F4","Illumina","mRNASeq stranded","NEBNext_dual","AGATCGGAAGAGCACACGTCTGAACTCCAGTCAC","AGATCGGAAGAGCGTCGTGTAGGGAAAGAGTGT","","5- Run completed","348","53","7.24","12.96","8.43","Approved","9/19/18","","A00266_0073","","0.02","7,273,740,028","36,008,614","","SCI023568; SCI023567","",""
"Wall-217-D","Wall-217-D","mRNA_789-G04","","","NEBNext_dual_i7_G4-NEBNext_dual_i5_G4","Illumina","mRNASeq stranded","NEBNext_dual","AGATCGGAAGAGCACACGTCTGAACTCCAGTCAC","AGATCGGAAGAGCGTCGTGTAGGGAAAGAGTGT","","5- Run completed","353","53","7.31","13.85","8.83","Approved","9/19/18","","A00266_0073","","0.02","9,697,011,212","48,005,006","","SCI023568; SCI023567","",""
"Wall-218-D","Wall-218-D","mRNA_789-H04","","","NEBNext_dual_i7_H4-NEBNext_dual_i5_H4","Illumina","mRNASeq stranded","NEBNext_dual","AGATCGGAAGAGCACACGTCTGAACTCCAGTCAC","AGATCGGAAGAGCGTCGTGTAGGGAAAGAGTGT","","5- Run completed","342","53","8.34","15.16","9.45","Approved","9/19/18","","A00266_0073","","0.02","9,033,833,092","44,721,946","","SCI023568; SCI023567","",""
"Wall-290-D","Wall-290-D","mRNA_789-A05","","","NEBNext_dual_i7_A5-NEBNext_dual_i5_A5","Illumina","mRNASeq stranded","NEBNext_dual","AGATCGGAAGAGCACACGTCTGAACTCCAGTCAC","AGATCGGAAGAGCGTCGTGTAGGGAAAGAGTGT","","5- Run completed","353","53","7.81","13.19","10.07","Approved","9/19/18","","A00266_0073","","0.02","9,819,718,334","48,612,467","","SCI023568; SCI023567","",""
"Wall-292-D","Wall-292-D","mRNA_789-B05","","","NEBNext_dual_i7_B5-NEBNext_dual_i5_B5","Illumina","mRNASeq stranded","NEBNext_dual","AGATCGGAAGAGCACACGTCTGAACTCCAGTCAC","AGATCGGAAGAGCGTCGTGTAGGGAAAGAGTGT","","5- Run completed","342","53","8.89","12.74","10.54","Approved","9/19/18","","A00266_0073","","0.02","8,658,843,726","42,865,563","","SCI023568; SCI023567","",""
"Wall-294-D","Wall-294-D","mRNA_789-C05","","","NEBNext_dual_i7_C5-NEBNext_dual_i5_C5","Illumina","mRNASeq stranded","NEBNext_dual","AGATCGGAAGAGCACACGTCTGAACTCCAGTCAC","AGATCGGAAGAGCGTCGTGTAGGGAAAGAGTGT","","5- Run completed","350","53","8.18","12.29","10.15","Approved","9/19/18","","A00266_0073","","0.02","10,046,353,042","49,734,421","","SCI023568; SCI023567","",""
"Wall-295-D","Wall-295-D","mRNA_789-D05","","","NEBNext_dual_i7_D5-NEBNext_dual_i5_D5","Illumina","mRNASeq stranded","NEBNext_dual","AGATCGGAAGAGCACACGTCTGAACTCCAGTCAC","AGATCGGAAGAGCGTCGTGTAGGGAAAGAGTGT","","5- Run completed","339","53","9.77","17.40","12.46","Approved","9/19/18","","A00266_0073","","0.02","9,439,362,030","46,729,515","","SCI023568; SCI023567","",""
"Wall-296-D","Wall-296-D","mRNA_789-E05","","","NEBNext_dual_i7_E5-NEBNext_dual_i5_E5","Illumina","mRNASeq stranded","NEBNext_dual","AGATCGGAAGAGCACACGTCTGAACTCCAGTCAC","AGATCGGAAGAGCGTCGTGTAGGGAAAGAGTGT","","5- Run completed","338","53","9.52","15.48","10.19","Approved","9/19/18","","A00266_0073","","0.02","8,053,849,080","39,870,540","","SCI023568; SCI023567","",""
"Wall-297-D","Wall-297-D","mRNA_789-F05","","","NEBNext_dual_i7_F5-NEBNext_dual_i5_F5","Illumina","mRNASeq stranded","NEBNext_dual","AGATCGGAAGAGCACACGTCTGAACTCCAGTCAC","AGATCGGAAGAGCGTCGTGTAGGGAAAGAGTGT","","5- Run completed","344","52","6.22","10.12","6.99","Approved","9/19/18","","A00266_0073","","0.02","7,436,132,070","36,812,535","","SCI023568; SCI023567","",""
"Wall-301-D","Wall-301-D","mRNA_789-G05","","","NEBNext_dual_i7_G5-NEBNext_dual_i5_G5","Illumina","mRNASeq stranded","NEBNext_dual","AGATCGGAAGAGCACACGTCTGAACTCCAGTCAC","AGATCGGAAGAGCGTCGTGTAGGGAAAGAGTGT","","5- Run completed","341","53","6.89","12.01","7.67","Approved","9/19/18","","A00266_0073","","0.02","10,114,155,958","50,070,079","","SCI023568; SCI023567","",""
"Wall-302-D","Wall-302-D","mRNA_789-H05","","","NEBNext_dual_i7_H5-NEBNext_dual_i5_H5","Illumina","mRNASeq stranded","NEBNext_dual","AGATCGGAAGAGCACACGTCTGAACTCCAGTCAC","AGATCGGAAGAGCGTCGTGTAGGGAAAGAGTGT","","5- Run completed","348","53","7.94","13.16","8.34","Approved","9/19/18","","A00266_0073","","0.02","9,018,911,958","44,648,079","","SCI023568; SCI023567","",""
"Wall-343-L-D","Wall-343-L-D","mRNA_789-A06","","","NEBNext_dual_i7_A6-NEBNext_dual_i5_A6","Illumina","mRNASeq stranded","NEBNext_dual","AGATCGGAAGAGCACACGTCTGAACTCCAGTCAC","AGATCGGAAGAGCGTCGTGTAGGGAAAGAGTGT","","5- Run completed","349","53","9.84","12.63","10.75","Approved","9/19/18","","A00266_0073","","0.02","8,527,921,668","42,217,434","","SCI023568; SCI023567","",""
"Wall-344-D","Wall-344-D","mRNA_789-B06","","","NEBNext_dual_i7_B6-NEBNext_dual_i5_B6","Illumina","mRNASeq stranded","NEBNext_dual","AGATCGGAAGAGCACACGTCTGAACTCCAGTCAC","AGATCGGAAGAGCGTCGTGTAGGGAAAGAGTGT","","5- Run completed","353","53","10.76","13.74","12.14","Approved","9/19/18","","A00266_0073","","0.02","10,186,849,092","50,429,946","","SCI023568; SCI023567","",""
"Wall-345-D","Wall-345-D","mRNA_789-C06","","","NEBNext_dual_i7_C6-NEBNext_dual_i5_C6","Illumina","mRNASeq stranded","NEBNext_dual","AGATCGGAAGAGCACACGTCTGAACTCCAGTCAC","AGATCGGAAGAGCGTCGTGTAGGGAAAGAGTGT","","5- Run completed","335","53","10.30","13.99","11.03","Approved","9/19/18","","A00266_0073","","0.02","7,778,377,236","38,506,818","","SCI023568; SCI023567","",""
"Wall-349-L-D","Wall-349-L-D","mRNA_789-D06","","","NEBNext_dual_i7_D6-NEBNext_dual_i5_D6","Illumina","mRNASeq stranded","NEBNext_dual","AGATCGGAAGAGCACACGTCTGAACTCCAGTCAC","AGATCGGAAGAGCGTCGTGTAGGGAAAGAGTGT","","5- Run completed","364","53","7.73","14.11","9.72","Approved","9/19/18","","A00266_0073","","0.02","8,482,168,264","41,990,932","","SCI023568; SCI023567","",""
"Wall-350-D","Wall-350-D","mRNA_789-E06","","","NEBNext_dual_i7_E6-NEBNext_dual_i5_E6","Illumina","mRNASeq stranded","NEBNext_dual","AGATCGGAAGAGCACACGTCTGAACTCCAGTCAC","AGATCGGAAGAGCGTCGTGTAGGGAAAGAGTGT","","5- Run completed","331","53","9.30","14.13","10.13","Approved","9/19/18","","A00266_0073","","0.02","8,148,883,616","40,341,008","","SCI023568; SCI023567","",""
"Wall-353-D","Wall-353-D","mRNA_789-F06","","","NEBNext_dual_i7_F6-NEBNext_dual_i5_F6","Illumina","mRNASeq stranded","NEBNext_dual","AGATCGGAAGAGCACACGTCTGAACTCCAGTCAC","AGATCGGAAGAGCGTCGTGTAGGGAAAGAGTGT","","5- Run completed","364","53","7.63","12.11","8.63","Approved","9/19/18","","A00266_0073","","0.02","9,081,229,564","44,956,582","","SCI023568; SCI023567","",""
"Wall-354-D","Wall-354-D","mRNA_789-G06","","","NEBNext_dual_i7_G6-NEBNext_dual_i5_G6","Illumina","mRNASeq stranded","NEBNext_dual","AGATCGGAAGAGCACACGTCTGAACTCCAGTCAC","AGATCGGAAGAGCGTCGTGTAGGGAAAGAGTGT","","5- Run completed","353","53","10.27","14.90","10.96","Approved","9/19/18","","A00266_0073","","0.02","7,593,471,890","37,591,445","","SCI023568; SCI023567","",""
"Wall-355-D","Wall-355-D","mRNA_789-H06","","","NEBNext_dual_i7_H6-NEBNext_dual_i5_H6","Illumina","mRNASeq stranded","NEBNext_dual","AGATCGGAAGAGCACACGTCTGAACTCCAGTCAC","AGATCGGAAGAGCGTCGTGTAGGGAAAGAGTGT","","5- Run completed","353","53","10.20","17.66","11.45","Approved","9/19/18","","A00266_0073","","0.02","10,586,293,588","52,407,394","","SCI023568; SCI023567","",""
